,Symbol,LTP,Point Change,% Change,Open,High,Low,Volume,Prev. Close
0,ACLBSL,                                        709.10,                                        0.10,                                        0.01,                                        723.00,                                        725.00,                                        709.00,                                        506.00,                                        709.00
1,ADBL,                                        312.50,                                        2.50,                                        0.81,                                        310.00,                                        314.70,                                        310.00,"                                        6,355.00",                                        310.00
2,ADBLD83,                                        931.00,                                        -19.00,                                        -2.00,                                        931.00,                                        931.00,                                        931.00,                                        75.00,                                        950.00
3,ADLB,                                        388.00,                                        7.60,                                        2.00,                                        388.00,                                        388.00,                                        388.00,                                        10.00,                                        380.40
4,AHPC,                                        267.00,                                        -6.00,                                        -2.20,                                        271.00,                                        275.00,                                        267.00,"                                        11,749.00",                                        273.00
5,AIL,                                        380.00,                                        -7.30,                                        -1.88,                                        380.00,                                        397.00,                                        380.00,"                                        3,023.00",                                        387.30
6,AKJCL,                                        171.00,                                        -1.00,                                        -0.58,                                        172.00,                                        172.00,                                        170.00,"                                        4,948.00",                                        172.00
7,AKPL,                                        343.00,                                        -8.00,                                        -2.28,                                        345.00,                                        350.00,                                        343.00,"                                        19,850.00",                                        351.00
8,ALBSL,                                        909.00,                                        -9.00,                                        -0.98,                                        925.00,                                        943.50,                                        909.00,                                        917.00,                                        918.00
9,ALICL,                                        510.20,                                        0.20,                                        0.04,                                        500.20,                                        511.50,                                        500.10,"                                        4,694.00",                                        510.00
10,API,                                        211.00,                                        1.00,                                        0.48,                                        210.00,                                        211.00,                                        207.00,"                                        35,836.00",                                        210.00
11,AVYAN,                                        693.10,                                        0.10,                                        0.01,                                        685.00,                                        700.00,                                        685.00,"                                        1,235.00",                                        693.00
12,BARUN,                                        200.00,                                        -3.90,                                        -1.91,                                        200.00,                                        205.00,                                        200.00,"                                        8,153.00",                                        203.90
13,BBC,"                                        3,269.00",                                        19.00,                                        0.58,"                                        3,249.00","                                        3,269.00","                                        3,249.00",                                        80.00,"                                        3,250.00"
14,BFC,                                        311.00,                                        1.00,                                        0.32,                                        305.00,                                        311.00,                                        305.00,"                                        1,017.00",                                        310.00
15,BHDC,                                        348.00,                                        3.10,                                        0.90,                                        338.30,                                        348.00,                                        338.30,"                                        1,640.00",                                        344.90
16,BHL,                                        246.80,                                        -1.20,                                        -0.48,                                        243.20,                                        246.80,                                        243.20,"                                        1,180.00",                                        248.00
17,BNHC,                                        329.50,                                        -0.50,                                        -0.15,                                        330.00,                                        332.00,                                        324.20,                                        130.00,                                        330.00
18,BNT,"                                        12,870.00",                                        142.00,                                        1.12,"                                        12,600.00","                                        12,982.00","                                        12,348.00",                                        360.00,"                                        12,728.00"
19,BOKL,                                        206.00,                                        -2.00,                                        -0.96,                                        208.00,                                        213.00,                                        205.10,"                                        14,328.00",                                        208.00
20,BPCL,                                        305.80,                                        0.00,                                        0.00,                                        302.10,                                        308.00,                                        302.10,"                                        1,221.00",                                        305.80
21,CBBL,"                                        1,109.90",                                        12.80,                                        1.17,"                                        1,110.00","                                        1,110.00","                                        1,096.00","                                        4,960.00","                                        1,097.10"
22,CBL,                                        213.00,                                        -2.00,                                        -0.93,                                        212.00,                                        215.00,                                        211.30,"                                        18,804.00",                                        215.00
23,CBLD88,                                        836.00,                                        -4.00,                                        -0.48,                                        836.00,                                        836.00,                                        836.00,                                        25.00,                                        840.00
24,CCBL,                                        192.00,                                        3.90,                                        2.07,                                        187.00,                                        192.00,                                        185.70,"                                        69,034.00",                                        188.10
25,CFCL,                                        300.00,                                        -6.00,                                        -1.96,                                        301.50,                                        306.00,                                        297.00,"                                        7,106.00",                                        306.00
26,CGH,"                                        1,001.00",                                        -9.00,                                        -0.89,                                        995.00,"                                        1,010.00",                                        995.00,"                                        1,816.00","                                        1,010.00"
27,CHCL,                                        385.00,                                        1.00,                                        0.26,                                        390.00,                                        390.00,                                        380.10,"                                        7,138.00",                                        384.00
28,CHDC,                                        660.00,                                        0.00,                                        0.00,                                        647.00,                                        661.00,                                        647.00,"                                        2,122.00",                                        660.00
29,CHL,                                        207.90,                                        2.80,                                        1.37,                                        204.90,                                        208.90,                                        204.90,                                        396.00,                                        205.10
30,CIT,"                                        1,859.00",                                        4.00,                                        0.22,"                                        1,872.00","                                        1,877.00","                                        1,850.00","                                        4,376.00","                                        1,855.00"
31,CLBSL,                                        761.00,                                        -1.00,                                        -0.13,                                        768.50,                                        768.50,                                        758.10,                                        246.00,                                        762.00
32,CMF1,                                        7.65,                                        0.13,                                        1.73,                                        7.57,                                        7.65,                                        7.50,"                                        2,225.00",                                        7.52
33,CMF2,                                        8.00,                                        -0.18,                                        -2.20,                                        8.02,                                        8.02,                                        8.00,"                                        1,700.00",                                        8.18
34,CORBL,                                        270.00,                                        -1.10,                                        -0.41,                                        272.00,                                        275.40,                                        267.10,                                        582.00,                                        271.10
35,CYCL,"                                        2,260.20",                                        205.40,                                        10.00,"                                        2,014.10","                                        2,260.20","                                        2,014.10","                                        2,019.00","                                        2,054.80"
36,CZBIL,                                        180.80,                                        -0.20,                                        -0.11,                                        180.10,                                        181.00,                                        178.40,"                                        21,918.00",                                        181.00
37,DDBL,"                                        1,022.50",                                        -11.50,                                        -1.11,"                                        1,030.00","                                        1,038.00","                                        1,022.00","                                        1,996.00","                                        1,034.00"
38,DHPL,                                        171.50,                                        -2.00,                                        -1.15,                                        176.90,                                        180.00,                                        171.50,"                                        1,318.00",                                        173.50
39,DLBS,                                        407.40,                                        7.90,                                        1.98,                                        407.40,                                        407.40,                                        407.40,                                        10.00,                                        399.50
40,DORDI,                                        232.00,                                        3.10,                                        1.35,                                        226.10,                                        234.60,                                        226.10,"                                        1,225.00",                                        228.90
41,EBL,                                        445.00,                                        5.00,                                        1.14,                                        448.70,                                        457.70,                                        438.00,"                                        27,069.00",                                        440.00
42,EDBL,                                        303.00,                                        -1.00,                                        -0.33,                                        299.10,                                        309.50,                                        299.10,"                                        2,361.00",                                        304.00
43,ENL,                                        588.00,                                        -3.00,                                        -0.51,                                        579.50,                                        590.00,                                        579.30,                                        176.00,                                        591.00
44,FMDBL,                                        708.00,                                        -0.90,                                        -0.13,                                        723.00,                                        723.00,                                        705.00,"                                        14,947.00",                                        708.90
45,FOWAD,"                                        2,595.00",                                        -19.00,                                        -0.73,"                                        2,639.00","                                        2,639.00","                                        2,581.00",                                        955.00,"                                        2,614.00"
46,GBBL,                                        378.00,                                        -1.90,                                        -0.50,                                        380.00,                                        381.00,                                        375.00,"                                        10,271.00",                                        379.90
47,GBIME,                                        212.00,                                        -2.00,                                        -0.93,                                        214.00,                                        214.50,                                        209.00,"                                        26,556.00",                                        214.00
48,GBLBS,                                        599.00,                                        7.50,                                        1.27,                                        600.00,                                        600.00,                                        590.00,                                        605.00,                                        591.50
49,GFCL,                                        446.90,                                        -1.00,                                        -0.22,                                        440.00,                                        448.80,                                        440.00,"                                        1,977.00",                                        447.90
50,GHL,                                        193.00,                                        -1.00,                                        -0.52,                                        196.10,                                        197.80,                                        191.00,"                                        7,485.00",                                        194.00
51,GIBF1,                                        8.01,                                        -0.15,                                        -1.84,                                        8.16,                                        8.16,                                        8.01,"                                        5,720.00",                                        8.16
52,GILB,"                                        1,135.00",                                        6.00,                                        0.53,"                                        1,150.00","                                        1,150.00","                                        1,127.00",                                        557.00,"                                        1,129.00"
53,GIMES1,                                        8.40,                                        -0.04,                                        -0.47,                                        8.58,                                        8.58,                                        8.40,"                                        4,944.00",                                        8.44
54,GLBSL,                                        787.00,                                        15.00,                                        1.94,                                        776.00,                                        787.00,                                        776.00,                                        82.00,                                        772.00
55,GLH,                                        240.00,                                        -3.00,                                        -1.23,                                        243.00,                                        243.00,                                        233.50,                                        864.00,                                        243.00
56,GMFBS,                                        805.80,                                        -14.20,                                        -1.73,                                        820.00,                                        820.00,                                        790.00,                                        52.00,                                        820.00
57,GMFIL,                                        313.50,                                        0.60,                                        0.19,                                        318.90,                                        318.90,                                        306.80,"                                        2,956.00",                                        312.90
58,GRDBL,                                        234.50,                                        -0.10,                                        -0.04,                                        230.00,                                        234.50,                                        225.40,"                                        2,050.00",                                        234.60
59,GUFL,                                        518.00,                                        -6.00,                                        -1.15,                                        513.60,                                        530.00,                                        513.60,"                                        15,004.00",                                        524.00
60,GVL,                                        307.20,                                        -5.80,                                        -1.85,                                        306.80,                                        318.00,                                        306.80,"                                        10,333.00",                                        313.00
61,HBL,                                        322.00,                                        -1.70,                                        -0.53,                                        323.00,                                        325.00,                                        321.00,"                                        3,670.00",                                        323.70
62,HDHPC,                                        173.00,                                        -1.00,                                        -0.57,                                        173.00,                                        174.90,                                        172.10,"                                        51,032.00",                                        174.00
63,HDL,"                                        3,825.10",                                        7.10,                                        0.19,"                                        3,830.00","                                        3,869.90","                                        3,820.00","                                        7,387.00","                                        3,818.00"
64,HEI,                                        365.00,                                        -3.00,                                        -0.82,                                        361.30,                                        367.00,                                        361.00,"                                        8,360.00",                                        368.00
65,HEIP,                                        244.10,                                        4.70,                                        1.96,                                        240.20,                                        244.10,                                        240.10,"                                        2,510.00",                                        239.40
66,HHL,                                        219.00,                                        0.00,                                        0.00,                                        214.80,                                        219.00,                                        214.00,"                                        2,490.00",                                        219.00
67,HIDCL,                                        165.50,                                        -0.50,                                        -0.30,                                        167.00,                                        168.00,                                        165.00,"                                        23,059.00",                                        166.00
68,HIDCLP,                                        96.00,                                        0.00,                                        0.00,                                        97.00,                                        97.40,                                        96.00,"                                        4,822.00",                                        96.00
69,HPPL,                                        249.50,                                        0.80,                                        0.32,                                        244.00,                                        252.00,                                        244.00,"                                        7,248.00",                                        248.70
70,HURJA,                                        200.00,                                        -3.00,                                        -1.48,                                        203.00,                                        203.00,                                        199.00,"                                        1,052.00",                                        203.00
71,ICFC,                                        425.00,                                        -1.00,                                        -0.23,                                        434.50,                                        434.50,                                        423.00,"                                        7,919.00",                                        426.00
72,IGI,                                        365.00,                                        5.00,                                        1.39,                                        360.00,                                        366.00,                                        359.00,"                                        6,224.00",                                        360.00
73,ILBS,                                        881.00,                                        -20.00,                                        -2.22,                                        890.00,                                        895.00,                                        860.50,"                                        2,850.00",                                        901.00
74,JALPA,"                                        3,355.00",                                        30.00,                                        0.90,"                                        3,326.00","                                        3,395.00","                                        3,303.00","                                        1,091.00","                                        3,325.00"
75,JBBL,                                        280.00,                                        0.00,                                        0.00,                                        277.00,                                        281.00,                                        275.00,"                                        9,550.00",                                        280.00
76,JBLB,"                                        2,736.00",                                        26.00,                                        0.96,"                                        2,710.00","                                        2,750.00","                                        2,705.00","                                        1,603.00","                                        2,710.00"
77,JFL,                                        367.50,                                        -5.50,                                        -1.47,                                        379.00,                                        379.00,                                        367.50,"                                        2,870.00",                                        373.00
78,JOSHI,                                        188.70,                                        0.70,                                        0.37,                                        185.00,                                        191.00,                                        185.00,"                                        3,076.00",                                        188.00
79,JSLBB,"                                        1,611.00",                                        11.00,                                        0.69,"                                        1,620.00","                                        1,620.00","                                        1,580.00",                                        164.00,"                                        1,600.00"
80,KBL,                                        186.90,                                        1.90,                                        1.03,                                        184.00,                                        187.70,                                        183.00,"                                        21,351.00",                                        185.00
81,KDBY,                                        8.15,                                        -0.10,                                        -1.21,                                        8.10,                                        8.15,                                        7.96,"                                        1,600.00",                                        8.25
82,KEF,                                        7.94,                                        0.01,                                        0.13,                                        7.92,                                        8.24,                                        7.92,"                                        2,870.00",                                        7.93
83,KKHC,                                        183.00,                                        5.40,                                        3.04,                                        180.00,                                        183.00,                                        178.00,"                                        5,057.00",                                        177.60
84,KLBS,                                        476.60,                                        9.30,                                        1.99,                                        476.60,                                        476.60,                                        476.60,                                        10.00,                                        467.30
85,KLBSL,                                        818.90,                                        13.90,                                        1.73,                                        821.00,                                        821.00,                                        818.90,                                        30.00,                                        805.00
86,KMCDB,                                        896.00,                                        16.00,                                        1.82,                                        872.00,                                        924.00,                                        867.00,                                        283.00,                                        880.00
87,KPCL,                                        315.20,                                        0.20,                                        0.06,                                        321.30,                                        325.00,                                        315.20,                                        462.00,                                        315.00
88,KRBL,                                        256.00,                                        1.00,                                        0.39,                                        257.00,                                        257.00,                                        250.00,"                                        6,700.00",                                        255.00
89,KSBBL,                                        307.00,                                        -0.90,                                        -0.29,                                        306.00,                                        310.00,                                        305.00,"                                        6,801.00",                                        307.90
90,LBBL,                                        316.00,                                        -6.00,                                        -1.86,                                        322.00,                                        323.50,                                        316.00,"                                        12,113.00",                                        322.00
91,LBL,                                        193.00,                                        1.20,                                        0.63,                                        191.00,                                        194.00,                                        188.20,"                                        13,103.00",                                        191.80
92,LBLD88,                                        941.20,                                        0.00,                                        0.00,                                        941.20,                                        941.20,                                        941.20,                                        25.00,                                        941.20
93,LEC,                                        222.90,                                        2.90,                                        1.32,                                        217.00,                                        224.00,                                        216.00,"                                        1,400.00",                                        220.00
94,LEMF,                                        7.99,                                        -0.15,                                        -1.84,                                        7.98,                                        7.99,                                        7.72,"                                        13,025.00",                                        8.14
95,LICN,"                                        1,428.00",                                        3.00,                                        0.21,"                                        1,411.00","                                        1,428.00","                                        1,400.00","                                        1,444.00","                                        1,425.00"
96,LLBS,"                                        1,024.00",                                        -2.00,                                        -0.19,"                                        1,015.00","                                        1,024.00","                                        1,012.10",                                        148.00,"                                        1,026.00"
97,LUK,                                        7.85,                                        0.00,                                        0.00,                                        7.85,                                        7.85,                                        7.70,"                                        4,600.00",                                        7.85
98,MBJC,                                        210.20,                                        2.00,                                        0.96,                                        205.00,                                        210.20,                                        204.30,"                                        3,965.00",                                        208.20
99,MBL,                                        214.00,                                        0.00,                                        0.00,                                        214.00,                                        215.00,                                        210.10,"                                        21,300.00",                                        214.00
100,MDB,                                        376.00,                                        -6.00,                                        -1.57,                                        375.00,                                        381.00,                                        375.00,"                                        1,389.00",                                        382.00
101,MEGA,                                        194.00,                                        -3.00,                                        -1.52,                                        193.30,                                        198.90,                                        193.00,"                                        33,003.00",                                        197.00
102,MEN,                                        725.00,                                        -8.00,                                        -1.09,                                        747.60,                                        747.60,                                        723.30,                                        470.00,                                        733.00
103,MERO,                                        766.00,                                        -4.00,                                        -0.52,                                        770.00,                                        775.00,                                        761.10,                                        934.00,                                        770.00
104,MFIL,                                        416.10,                                        -2.40,                                        -0.57,                                        422.00,                                        422.00,                                        415.00,"                                        7,201.00",                                        418.50
105,MHL,                                        314.00,                                        -1.00,                                        -0.32,                                        308.70,                                        320.00,                                        303.20,                                        680.00,                                        315.00
106,MHNL,                                        251.00,                                        2.10,                                        0.84,                                        248.00,                                        252.00,                                        247.10,"                                        2,860.00",                                        248.90
107,MKJC,                                        405.00,                                        -8.00,                                        -1.94,                                        404.80,                                        412.80,                                        404.00,"                                        1,833.00",                                        413.00
108,MKLB,                                        826.00,                                        -14.00,                                        -1.67,                                        835.00,                                        840.00,                                        823.20,                                        118.00,                                        840.00
109,MLBBL,"                                        1,034.00",                                        15.10,                                        1.48,"                                        1,004.00","                                        1,034.00",                                        980.00,                                        645.00,"                                        1,018.90"
110,MLBL,                                        344.00,                                        0.70,                                        0.20,                                        350.10,                                        350.10,                                        338.10,"                                        8,079.00",                                        343.30
111,MLBS,"                                        1,000.20",                                        0.10,                                        0.01,"                                        1,000.00","                                        1,020.00",                                        995.10,                                        750.00,"                                        1,000.10"
112,MLBSL,"                                        3,985.00",                                        -54.00,                                        -1.34,"                                        4,060.00","                                        4,090.00","                                        3,975.50",                                        538.00,"                                        4,039.00"
113,MMF1,                                        7.16,                                        -0.02,                                        -0.28,                                        7.32,                                        7.46,                                        7.10,"                                        3,150.00",                                        7.18
114,MMFDB,                                        872.00,                                        -18.00,                                        -2.02,                                        890.00,                                        890.00,                                        856.10,"                                        2,028.00",                                        890.00
115,MMFDBP,                                        483.00,                                        0.00,                                        0.00,                                        483.00,                                        483.00,                                        483.00,"                                        1,046.00",                                        483.00
116,MNBBL,                                        420.00,                                        -1.00,                                        -0.24,                                        420.00,                                        423.50,                                        418.20,"                                        8,023.00",                                        421.00
117,MPFL,                                        302.00,                                        1.00,                                        0.33,                                        303.00,                                        303.00,                                        297.20,"                                        1,523.00",                                        301.00
118,MSLB,"                                        1,039.00",                                        0.00,                                        0.00,"                                        1,050.00","                                        1,050.00","                                        1,020.00",                                        171.00,"                                        1,039.00"
119,NABBC,                                        358.00,                                        7.90,                                        2.26,                                        350.00,                                        385.10,                                        345.10,"                                        2,284.00",                                        350.10
120,NABIL,                                        807.10,                                        -7.90,                                        -0.97,                                        816.00,                                        816.90,                                        804.70,"                                        88,690.00",                                        815.00
121,NADEP,                                        678.80,                                        -14.00,                                        -2.02,                                        693.00,                                        702.00,                                        678.50,"                                        1,987.00",                                        692.80
122,NBF2,                                        8.02,                                        0.47,                                        6.23,                                        7.60,                                        8.02,                                        7.60,"                                        2,600.00",                                        7.55
123,NBF3,                                        7.30,                                        -0.05,                                        -0.68,                                        7.25,                                        7.35,                                        7.25,"                                        3,600.00",                                        7.35
124,NBL,                                        276.40,                                        -0.60,                                        -0.22,                                        277.00,                                        277.00,                                        274.00,"                                        128,136.00",                                        277.00
125,NCCB,                                        183.50,                                        1.70,                                        0.94,                                        180.00,                                        185.30,                                        180.00,"                                        43,930.00",                                        181.80
126,NCCD86,                                        900.00,                                        0.00,                                        0.00,                                        900.00,                                        900.00,                                        900.00,                                        30.00,                                        900.00
127,NEF,                                        7.83,                                        -0.11,                                        -1.39,                                        7.80,                                        7.94,                                        7.80,"                                        11,894.00",                                        7.94
128,NESDO,"                                        3,311.00",                                        -18.00,                                        -0.54,"                                        3,300.00","                                        3,350.00","                                        3,300.00","                                        2,081.00","                                        3,329.00"
129,NFS,                                        254.00,                                        -5.00,                                        -1.93,                                        260.00,                                        263.00,                                        254.00,"                                        2,837.00",                                        259.00
130,NGPL,                                        208.00,                                        -0.50,                                        -0.24,                                        208.50,                                        210.90,                                        206.00,"                                        34,710.00",                                        208.50
131,NHDL,                                        320.00,                                        5.00,                                        1.59,                                        315.10,                                        320.00,                                        310.20,"                                        1,992.00",                                        315.00
132,NHPC,                                        201.00,                                        -1.00,                                        -0.50,                                        200.10,                                        204.00,                                        199.30,"                                        19,323.00",                                        202.00
133,NIB,                                        219.00,                                        -3.00,                                        -1.35,                                        222.00,                                        228.00,                                        218.10,"                                        22,448.00",                                        222.00
134,NIBPO,                                        211.80,                                        -8.70,                                        -3.95,                                        216.10,                                        216.10,                                        211.80,                                        120.00,                                        220.50
135,NIBSF2,                                        7.10,                                        0.05,                                        0.71,                                        6.92,                                        7.10,                                        6.92,"                                        1,200.00",                                        7.05
136,NICA,                                        676.30,                                        -2.70,                                        -0.40,                                        679.00,                                        688.00,                                        674.00,"                                        26,409.00",                                        679.00
137,NICBF,                                        8.73,                                        0.17,                                        1.99,                                        8.73,                                        8.73,                                        8.73,                                        200.00,                                        8.56
138,NICFC,                                        7.75,                                        -0.04,                                        -0.51,                                        7.67,                                        7.82,                                        7.67,"                                        1,800.00",                                        7.79
139,NICGF,                                        9.10,                                        0.10,                                        1.11,                                        9.10,                                        9.10,                                        9.10,"                                        1,355.00",                                        9.00
140,NICL,                                        422.00,                                        0.00,                                        0.00,                                        420.00,                                        427.90,                                        415.00,"                                        3,982.00",                                        422.00
141,NICLBSL,                                        715.00,                                        2.50,                                        0.35,                                        711.00,                                        720.00,                                        710.50,"                                        1,360.00",                                        712.50
142,NICSF,                                        7.85,                                        -0.08,                                        -1.01,                                        7.93,                                        8.05,                                        7.80,"                                        67,611.00",                                        7.93
143,NIFRA,                                        184.00,                                        -0.50,                                        -0.27,                                        184.50,                                        186.00,                                        182.50,"                                        26,925.00",                                        184.50
144,NIL,                                        718.80,                                        3.80,                                        0.53,                                        715.20,                                        720.00,                                        715.20,"                                        3,032.00",                                        715.00
145,NLBBL,                                        810.00,                                        9.00,                                        1.12,                                        817.00,                                        817.00,                                        810.00,                                        817.00,                                        801.00
146,NLG,                                        475.70,                                        1.70,                                        0.36,                                        466.40,                                        475.70,                                        466.40,                                        304.00,                                        474.00
147,NLIC,                                        610.40,                                        -2.60,                                        -0.42,                                        605.10,                                        613.00,                                        605.10,"                                        11,418.00",                                        613.00
148,NLICL,                                        500.00,                                        -5.00,                                        -0.99,                                        505.00,                                        505.00,                                        496.30,"                                        7,551.00",                                        505.00
149,NMB,                                        232.00,                                        2.00,                                        0.87,                                        231.00,                                        232.50,                                        229.40,"                                        11,453.00",                                        230.00
150,NMB50,                                        9.06,                                        0.16,                                        1.80,                                        9.06,                                        9.06,                                        8.88,"                                        2,400.00",                                        8.90
151,NMBHF1,                                        9.46,                                        0.15,                                        1.61,                                        9.38,                                        9.46,                                        9.38,                                        200.00,                                        9.31
152,NMBMF,                                        655.10,                                        -9.90,                                        -1.49,                                        664.90,                                        664.90,                                        655.00,                                        409.00,                                        665.00
153,NMFBS,"                                        2,000.00",                                        0.00,                                        0.00,"                                        2,000.10","                                        2,069.00","                                        1,995.00","                                        1,571.00","                                        2,000.00"
154,NRIC,                                        699.00,                                        -0.80,                                        -0.11,                                        690.00,                                        712.00,                                        688.00,"                                        21,479.00",                                        699.80
155,NRN,                                        399.10,                                        -5.90,                                        -1.46,                                        413.10,                                        413.10,                                        395.00,"                                        4,800.00",                                        405.00
156,NSLB,                                        747.00,                                        -0.50,                                        -0.07,                                        757.90,                                        760.00,                                        745.00,                                        746.00,                                        747.50
157,NTC,                                        909.90,                                        -12.10,                                        -1.31,                                        903.60,                                        912.00,                                        874.00,"                                        67,105.00",                                        922.00
158,NUBL,                                        883.00,                                        -9.10,                                        -1.02,                                        888.00,                                        898.00,                                        882.50,"                                        1,616.00",                                        892.10
159,NYADI,                                        273.00,                                        1.10,                                        0.40,                                        267.00,                                        273.60,                                        267.00,"                                        1,265.00",                                        271.90
160,OHL,                                        489.00,                                        10.00,                                        2.09,                                        485.00,                                        491.00,                                        472.00,"                                        3,068.00",                                        479.00
161,PBD88,                                        837.30,                                        6.20,                                        0.75,                                        831.30,                                        837.30,                                        831.10,                                        125.00,                                        831.10
162,PCBL,                                        224.80,                                        -0.20,                                        -0.09,                                        226.00,                                        226.90,                                        222.50,"                                        9,302.00",                                        225.00
163,PFL,                                        331.00,                                        -3.50,                                        -1.05,                                        334.50,                                        336.00,                                        330.00,"                                        2,435.00",                                        334.50
164,PIC,                                        529.50,                                        -5.50,                                        -1.03,                                        535.00,                                        535.00,                                        510.00,"                                        3,083.00",                                        535.00
165,PICL,                                        341.60,                                        -1.70,                                        -0.50,                                        340.00,                                        346.80,                                        340.00,                                        159.00,                                        343.30
166,PMHPL,                                        193.00,                                        -1.80,                                        -0.92,                                        198.60,                                        198.60,                                        187.00,"                                        2,060.00",                                        194.80
167,PPCL,                                        284.00,                                        0.00,                                        0.00,                                        286.90,                                        288.80,                                        282.00,"                                        2,973.00",                                        284.00
168,PPL,                                        204.90,                                        2.90,                                        1.44,                                        198.20,                                        206.00,                                        198.20,"                                        3,333.00",                                        202.00
169,PRIN,                                        415.00,                                        9.00,                                        2.22,                                        397.90,                                        420.90,                                        394.30,"                                        2,477.00",                                        406.00
170,PROFL,                                        284.90,                                        -2.10,                                        -0.73,                                        287.00,                                        287.00,                                        280.00,"                                        7,169.00",                                        287.00
171,PRVU,                                        198.30,                                        -3.60,                                        -1.78,                                        203.00,                                        203.00,                                        198.00,"                                        53,934.00",                                        201.90
172,PSF,                                        7.64,                                        -0.05,                                        -0.65,                                        7.69,                                        7.69,                                        7.61,"                                        11,350.00",                                        7.69
173,RADHI,                                        216.00,                                        1.00,                                        0.47,                                        215.00,                                        217.00,                                        211.90,"                                        3,684.00",                                        215.00
174,RBCL,"                                        12,450.00",                                        100.00,                                        0.81,"                                        12,596.90","                                        12,597.00","                                        12,400.00",                                        178.00,"                                        12,350.00"
175,RBCLPO,"                                        10,252.00",                                        201.00,                                        2.00,"                                        10,252.00","                                        10,252.00","                                        10,252.00",                                        10.00,"                                        10,051.00"
176,RFPL,                                        227.90,                                        1.90,                                        0.84,                                        221.80,                                        230.00,                                        221.80,"                                        2,399.00",                                        226.00
177,RHGCL,                                        207.90,                                        0.90,                                        0.43,                                        210.90,                                        211.00,                                        203.00,"                                        1,130.00",                                        207.00
178,RHPL,                                        235.20,                                        8.20,                                        3.61,                                        231.00,                                        239.00,                                        225.00,"                                        29,380.00",                                        227.00
179,RIDI,                                        490.00,                                        0.00,                                        0.00,                                        490.00,                                        493.00,                                        480.20,"                                        49,287.00",                                        490.00
180,RLFL,                                        294.00,                                        -3.00,                                        -1.01,                                        295.00,                                        297.00,                                        292.00,"                                        2,040.00",                                        297.00
181,RMDC,                                        948.00,                                        -0.10,                                        -0.01,                                        950.00,                                        953.00,                                        935.10,"                                        3,008.00",                                        948.10
182,RMF1,                                        7.50,                                        -0.06,                                        -0.79,                                        7.42,                                        7.50,                                        7.31,"                                        11,100.00",                                        7.56
183,RSDC,                                        529.00,                                        9.00,                                        1.73,                                        525.00,                                        540.00,                                        525.00,                                        350.00,                                        520.00
184,RULB,                                        870.10,                                        2.10,                                        0.24,                                        880.00,                                        883.90,                                        870.00,                                        320.00,                                        868.00
185,RURU,                                        725.30,                                        -1.00,                                        -0.14,                                        740.80,                                        740.80,                                        717.00,                                        893.00,                                        726.30
186,SABSL,                                        900.00,                                        -15.00,                                        -1.64,                                        905.00,                                        905.00,                                        899.30,"                                        1,349.00",                                        915.00
187,SADBL,                                        304.30,                                        1.30,                                        0.43,                                        304.80,                                        305.00,                                        298.00,"                                        5,995.00",                                        303.00
188,SAEF,                                        9.65,                                        0.00,                                        0.00,                                        9.65,                                        9.65,                                        9.65,"                                        5,000.00",                                        9.65
189,SAHAS,                                        452.00,                                        2.00,                                        0.44,                                        441.00,                                        455.00,                                        441.00,"                                        6,024.00",                                        450.00
190,SANIMA,                                        223.20,                                        -2.80,                                        -1.24,                                        224.50,                                        227.50,                                        223.00,"                                        44,187.00",                                        226.00
191,SAPDBL,                                        220.30,                                        -3.70,                                        -1.65,                                        222.10,                                        223.90,                                        220.30,"                                        2,013.00",                                        224.00
192,SBCF,                                        7.43,                                        0.27,                                        3.77,                                        7.16,                                        7.44,                                        7.03,"                                        2,600.00",                                        7.16
193,SBD87,                                        745.30,                                        -6.70,                                        -0.89,                                        745.30,                                        745.30,                                        745.30,                                        25.00,                                        752.00
194,SBI,                                        279.00,                                        -4.50,                                        -1.59,                                        282.00,                                        282.00,                                        277.00,"                                        3,600.00",                                        283.50
195,SBID83,                                        895.10,                                        7.10,                                        0.80,                                        895.10,                                        895.10,                                        895.10,                                        25.00,                                        888.00
196,SBL,                                        309.20,                                        -4.30,                                        -1.37,                                        312.00,                                        315.50,                                        309.00,"                                        16,711.00",                                        313.50
197,SBLD2082,                                        980.40,                                        -20.00,                                        -2.00,                                        980.40,                                        980.40,                                        980.40,                                        50.00,"                                        1,000.40"
198,SBLD84,                                        800.00,                                        0.00,                                        0.00,                                        800.00,                                        800.00,                                        800.00,                                        25.00,                                        800.00
199,SCB,                                        403.20,                                        1.20,                                        0.30,                                        402.00,                                        405.00,                                        400.00,"                                        4,010.00",                                        402.00
200,SDBD87,                                        757.10,                                        1.10,                                        0.15,                                        756.00,                                        757.10,                                        756.00,                                        50.00,                                        756.00
201,SDLBSL,                                        931.00,                                        9.00,                                        0.98,                                        912.60,                                        932.00,                                        912.60,                                        260.00,                                        922.00
202,SEF,                                        7.99,                                        0.00,                                        0.00,                                        7.84,                                        7.99,                                        7.84,                                        292.00,                                        7.99
203,SFCL,                                        257.70,                                        -0.30,                                        -0.12,                                        256.00,                                        258.10,                                        255.00,"                                        7,110.00",                                        258.00
204,SFMF,                                        9.09,                                        0.29,                                        3.30,                                        8.97,                                        9.09,                                        8.81,"                                        26,700.00",                                        8.80
205,SGHC,                                        251.50,                                        1.50,                                        0.60,                                        245.00,                                        253.50,                                        242.00,"                                        2,825.00",                                        250.00
206,SHEL,                                        229.00,                                        -7.60,                                        -3.21,                                        232.00,                                        240.00,                                        228.10,                                        460.00,                                        236.60
207,SHINE,                                        334.00,                                        0.00,                                        0.00,                                        329.00,                                        335.00,                                        328.10,"                                        22,749.00",                                        334.00
208,SHIVM,                                        546.00,                                        -7.90,                                        -1.43,                                        554.00,                                        554.00,                                        542.00,"                                        50,514.00",                                        553.90
209,SHL,                                        218.00,                                        1.10,                                        0.51,                                        216.00,                                        218.00,                                        215.00,"                                        13,589.00",                                        216.90
210,SHPC,                                        271.00,                                        -3.90,                                        -1.42,                                        270.00,                                        272.90,                                        269.50,"                                        14,934.00",                                        274.90
211,SICL,                                        768.10,                                        3.10,                                        0.41,                                        765.00,                                        777.70,                                        764.00,"                                        2,431.00",                                        765.00
212,SIFC,                                        304.00,                                        -1.80,                                        -0.59,                                        299.70,                                        305.00,                                        299.00,"                                        7,612.00",                                        305.80
213,SIGS2,                                        7.99,                                        -0.01,                                        -0.12,                                        7.85,                                        8.00,                                        7.85,"                                        3,200.00",                                        8.00
214,SIKLES,                                        378.00,                                        5.00,                                        1.34,                                        370.00,                                        379.90,                                        370.00,"                                        12,480.00",                                        373.00
215,SIL,                                        485.00,                                        5.90,                                        1.23,                                        470.00,                                        498.30,                                        470.00,                                        375.00,                                        479.10
216,SINDU,                                        257.90,                                        4.90,                                        1.94,                                        258.00,                                        258.00,                                        253.00,"                                        2,619.00",                                        253.00
217,SJCL,                                        237.00,                                        17.00,                                        7.73,                                        220.00,                                        237.00,                                        218.00,"                                        5,504.00",                                        220.00
218,SKBBL,"                                        1,115.00",                                        0.00,                                        0.00,"                                        1,134.00","                                        1,134.00","                                        1,108.00","                                        2,916.00","                                        1,115.00"
219,SLBBL,                                        838.00,                                        17.00,                                        2.07,                                        818.00,                                        838.00,                                        818.00,"                                        1,018.00",                                        821.00
220,SLBSL,"                                        1,222.40",                                        9.10,                                        0.75,"                                        1,213.30","                                        1,222.40","                                        1,200.00",                                        63.00,"                                        1,213.30"
221,SLCF,                                        7.15,                                        0.03,                                        0.42,                                        7.12,                                        7.15,                                        7.01,"                                        1,400.00",                                        7.12
222,SLI,                                        335.00,                                        6.00,                                        1.82,                                        323.00,                                        345.30,                                        323.00,"                                        4,219.00",                                        329.00
223,SMATA,                                        748.00,                                        11.00,                                        1.49,                                        722.50,                                        749.00,                                        722.50,                                        149.00,                                        737.00
224,SMB,"                                        1,180.00",                                        -20.40,                                        -1.70,"                                        1,199.00","                                        1,199.00","                                        1,180.00",                                        404.00,"                                        1,200.40"
225,SMFBS,"                                        1,380.00",                                        -2.00,                                        -0.14,"                                        1,361.10","                                        1,380.00","                                        1,361.00",                                        39.00,"                                        1,382.00"
226,SMFDB,"                                        1,190.70",                                        24.50,                                        2.10,"                                        1,189.50","                                        1,282.80","                                        1,189.50","                                        38,070.00","                                        1,166.20"
227,SPDL,                                        263.00,                                        -1.50,                                        -0.57,                                        267.80,                                        268.00,                                        261.50,"                                        7,911.00",                                        264.50
228,SPHL,                                        350.00,                                        -2.00,                                        -0.57,                                        345.10,                                        352.00,                                        345.10,                                        780.00,                                        352.00
229,SRBL,                                        186.00,                                        1.50,                                        0.81,                                        183.00,                                        186.00,                                        183.00,"                                        12,567.00",                                        184.50
230,SSHL,                                        172.00,                                        -2.00,                                        -1.15,                                        175.00,                                        175.00,                                        168.60,"                                        14,286.00",                                        174.00
231,STC,"                                        3,580.00",                                        -10.00,                                        -0.28,"                                        3,648.90","                                        3,649.00","                                        3,565.00","                                        1,033.00","                                        3,590.00"
232,SWBBL,"                                        1,177.90",                                        -2.10,                                        -0.18,"                                        1,181.00","                                        1,181.00","                                        1,167.30","                                        2,899.00","                                        1,180.00"
233,SWMF,                                        720.00,                                        8.00,                                        1.12,                                        712.00,                                        725.90,                                        707.00,                                        672.00,                                        712.00
234,TPC,                                        320.00,                                        -10.90,                                        -3.29,                                        331.00,                                        331.00,                                        318.00,"                                        2,001.00",                                        330.90
235,TRH,                                        337.30,                                        -5.70,                                        -1.66,                                        349.80,                                        349.80,                                        336.30,                                        90.00,                                        343.00
236,UHEWA,                                        347.50,                                        -1.60,                                        -0.46,                                        343.20,                                        354.00,                                        341.00,"                                        2,125.00",                                        349.10
237,UIC,                                        339.30,                                        2.00,                                        0.59,                                        340.00,                                        342.90,                                        338.50,"                                        1,519.00",                                        337.30
238,ULBSL,"                                        3,455.00",                                        6.00,                                        0.17,"                                        3,400.00","                                        3,455.00","                                        3,400.00",                                        150.00,"                                        3,449.00"
239,UMHL,                                        225.50,                                        -1.50,                                        -0.66,                                        223.10,                                        229.00,                                        223.00,"                                        9,736.00",                                        227.00
240,UMRH,                                        416.90,                                        9.00,                                        2.21,                                        415.00,                                        417.00,                                        409.00,"                                        2,494.00",                                        407.90
241,UNHPL,                                        190.00,                                        -1.00,                                        -0.52,                                        194.50,                                        194.50,                                        184.00,"                                        7,159.00",                                        191.00
242,UPCL,                                        216.40,                                        -2.30,                                        -1.05,                                        214.40,                                        218.00,                                        214.40,"                                        21,168.00",                                        218.70
243,UPPER,                                        391.00,                                        19.00,                                        5.11,                                        379.40,                                        394.00,                                        379.40,"                                        76,962.00",                                        372.00
244,USHEC,                                        254.50,                                        4.50,                                        1.80,                                        245.10,                                        254.50,                                        245.10,"                                        2,290.00",                                        250.00
245,USLB,                                        870.10,                                        -16.90,                                        -1.91,                                        871.00,                                        875.10,                                        853.10,                                        866.00,                                        887.00
246,VLBS,                                        825.00,                                        4.00,                                        0.49,                                        821.00,                                        828.00,                                        821.00,                                        71.00,                                        821.00
247,WNLB,                                        891.10,                                        4.00,                                        0.45,                                        904.80,                                        904.80,                                        891.10,                                        226.00,                                        887.10
